profile_id,race_id,race_slug,race_name,gender_id,gender_slug,gender_name,observed_display_count,coverage_state,identity,accent_target,accent_or_cadence,accent_avoid,accent_basis,timbre,pacing,gender_guidance,guardrails,approval_status,source_voice_id
spirit-male,-125,spirit,Spirit,0,male,Male,0,planned_fallback,A deceased or incorporeal person whose original character remains more important than the supernatural state.,"Native English (United States), regionally neutral pronunciation pending identity-specific review.","Natural, measured speech with restrained stillness.","Avoid whispering, hollow affectation, and baked-in ghost effects.",Ghost and spirit-healer model-family evidence from the build 12340 client.,Natural and lightly restrained.,Measured but conversational.,Use a generally lower pitch center and fuller lower resonance while preserving natural variation.,"Echo, reverb, and spectral treatment belong downstream. Do not force an unnaturally deep voice or treat depth as authority.",draft,
spirit-female,-125,spirit,Spirit,1,female,Female,0,planned_fallback,A deceased or incorporeal person whose original character remains more important than the supernatural state.,"Native English (United States), regionally neutral pronunciation pending identity-specific review.","Natural, measured speech with restrained stillness.","Avoid whispering, hollow affectation, and baked-in ghost effects.",Ghost and spirit-healer model-family evidence from the build 12340 client.,Natural and lightly restrained.,Measured but conversational.,Use a generally higher pitch center and lighter resonance while preserving weight and natural variation.,"Echo, reverb, and spectral treatment belong downstream. Do not make the voice childlike, breathy by default, or less authoritative.",draft,
titanforged-male,-124,titanforged,Titan-Forged,0,male,Male,0,planned_fallback,"Ancient, purposeful, disciplined, and capable of monumental authority without constant bombast.","Native English (United States), regionally neutral pronunciation.","Measured declarations with precise, deliberate emphasis.","Avoid trailer narration, generic British divinity, and robotic monotone.",Explicit Titan keeper and Titan-forged model-family evidence.,Resonant and focused while natural.,Measured and exact.,Use a generally lower pitch center and fuller lower resonance while preserving natural variation.,Scale and age should not erase conversational range. Do not force an unnaturally deep voice or treat depth as authority.,draft,
titanforged-female,-124,titanforged,Titan-Forged,1,female,Female,0,planned_fallback,"Ancient, purposeful, disciplined, and capable of monumental authority without constant bombast.","Native English (United States), regionally neutral pronunciation.","Measured declarations with precise, deliberate emphasis.","Avoid trailer narration, generic British divinity, and robotic monotone.",Explicit Titan keeper and Titan-forged model-family evidence.,Resonant and focused while natural.,Measured and exact.,Use a generally higher pitch center and lighter resonance while preserving weight and natural variation.,"Scale and age should not erase conversational range. Do not make the voice childlike, breathy by default, or less authoritative.",draft,
trogg-male,-123,trogg,Trogg,0,male,Male,0,planned_fallback,"Earthbound, forceful, reactive, and capable of clear individual intent.","Native English (United States), regionally neutral pronunciation.","Short, grounded phrases with strong word endings.","Avoid automatic stupidity, broken speech, or cavern effects.",Troglodyte model family identification from the build 12340 client.,Dense and rough without distortion.,Compact and direct.,Use a generally lower pitch center and fuller lower resonance while preserving natural variation.,Keep a clean source and let the text define intelligence. Do not force an unnaturally deep voice or treat depth as authority.,draft,
trogg-female,-123,trogg,Trogg,1,female,Female,0,planned_fallback,"Earthbound, forceful, reactive, and capable of clear individual intent.","Native English (United States), regionally neutral pronunciation.","Short, grounded phrases with strong word endings.","Avoid automatic stupidity, broken speech, or cavern effects.",Troglodyte model family identification from the build 12340 client.,Dense and rough without distortion.,Compact and direct.,Use a generally higher pitch center and lighter resonance while preserving weight and natural variation.,"Keep a clean source and let the text define intelligence. Do not make the voice childlike, breathy by default, or less authoritative.",draft,
quillboar-male,-122,quillboar,Quillboar,0,male,Male,0,planned_fallback,"Territorial, spiritual, resilient, and capable of substantial social authority.","Native English (United States), regionally neutral pronunciation.","Firm, compact phrases with deliberate stresses.",Avoid animal grunts and invented ethnic mimicry.,Quillboar model family identification from the build 12340 client.,Rough-edged but clear.,Moderate and decisive.,Use a generally lower pitch center and fuller lower resonance while preserving natural variation.,Do not reduce the character to aggression. Do not force an unnaturally deep voice or treat depth as authority.,draft,
quillboar-female,-122,quillboar,Quillboar,1,female,Female,0,planned_fallback,"Territorial, spiritual, resilient, and capable of substantial social authority.","Native English (United States), regionally neutral pronunciation.","Firm, compact phrases with deliberate stresses.",Avoid animal grunts and invented ethnic mimicry.,Quillboar model family identification from the build 12340 client.,Rough-edged but clear.,Moderate and decisive.,Use a generally higher pitch center and lighter resonance while preserving weight and natural variation.,"Do not reduce the character to aggression. Do not make the voice childlike, breathy by default, or less authoritative.",draft,
gnoll-male,-121,gnoll,Gnoll,0,male,Male,0,planned_fallback,"Physical, opportunistic, social, and more varied than a simple hostile caricature.","Native English (United States), regionally neutral pronunciation.",Compact phrases and energetic word attacks.,"Avoid animal barking, broken grammar, and stupidity as defaults.",Gnoll model family identification from the build 12340 client.,Textured and lively while clear.,Quick to moderate.,Use a generally lower pitch center and fuller lower resonance while preserving natural variation.,Keep words intelligible and characterization individual. Do not force an unnaturally deep voice or treat depth as authority.,draft,
gnoll-female,-121,gnoll,Gnoll,1,female,Female,0,planned_fallback,"Physical, opportunistic, social, and more varied than a simple hostile caricature.","Native English (United States), regionally neutral pronunciation.",Compact phrases and energetic word attacks.,"Avoid animal barking, broken grammar, and stupidity as defaults.",Gnoll model family identification from the build 12340 client.,Textured and lively while clear.,Quick to moderate.,Use a generally higher pitch center and lighter resonance while preserving weight and natural variation.,"Keep words intelligible and characterization individual. Do not make the voice childlike, breathy by default, or less authoritative.",draft,
satyr-male,-120,satyr,Satyr,0,male,Male,0,planned_fallback,"Clever, self-assured, seductive or dangerous according to the text.","Native English (United States), regionally neutral pronunciation.",Smooth phrases with controlled emphasis and agile turns.,Avoid default British villainy and constant leering delivery.,Satyr model family identification from the build 12340 client.,Smooth with a restrained dark edge.,Measured and responsive.,Use a generally lower pitch center and fuller lower resonance while preserving natural variation.,Do not let archetype replace the NPC's actual text and role. Do not force an unnaturally deep voice or treat depth as authority.,draft,
satyr-female,-120,satyr,Satyr,1,female,Female,0,planned_fallback,"Clever, self-assured, seductive or dangerous according to the text.","Native English (United States), regionally neutral pronunciation.",Smooth phrases with controlled emphasis and agile turns.,Avoid default British villainy and constant leering delivery.,Satyr model family identification from the build 12340 client.,Smooth with a restrained dark edge.,Measured and responsive.,Use a generally higher pitch center and lighter resonance while preserving weight and natural variation.,"Do not let archetype replace the NPC's actual text and role. Do not make the voice childlike, breathy by default, or less authoritative.",draft,
centaur-male,-119,centaur,Centaur,0,male,Male,0,planned_fallback,"Proud, mobile, clan-conscious, and capable of force or reflection.","Native English (United States), regionally neutral pronunciation.","Firm, grounded phrases with direct stresses.",Avoid invented ethnic accents and automatic barbarian caricature.,Centaur model family identification from the build 12340 client.,Grounded and textured.,Moderate and decisive.,Use a generally lower pitch center and fuller lower resonance while preserving natural variation.,Let individual role and faction determine refinement. Do not force an unnaturally deep voice or treat depth as authority.,draft,
centaur-female,-119,centaur,Centaur,1,female,Female,0,planned_fallback,"Proud, mobile, clan-conscious, and capable of force or reflection.","Native English (United States), regionally neutral pronunciation.","Firm, grounded phrases with direct stresses.",Avoid invented ethnic accents and automatic barbarian caricature.,Centaur model family identification from the build 12340 client.,Grounded and textured.,Moderate and decisive.,Use a generally higher pitch center and lighter resonance while preserving weight and natural variation.,"Let individual role and faction determine refinement. Do not make the voice childlike, breathy by default, or less authoritative.",draft,
naaru-male,-118,naaru,Naaru,0,male,Male,0,planned_fallback,"Serene, compassionate, ancient, and direct without theatrical divinity.","Native English (United States), regionally neutral pronunciation.","Measured, lucid phrases with calm emphasis.","Avoid trailer narration, breathy mysticism, and baked-in celestial effects.",Naaru model family identification from the build 12340 client.,Clear and balanced; resonance remains natural.,Measured and unhurried.,Use a generally lower pitch center and fuller lower resonance while preserving natural variation.,"Reverb and harmonic effects belong downstream, not in the source voice. Do not force an unnaturally deep voice or treat depth as authority.",draft,
naaru-female,-118,naaru,Naaru,1,female,Female,0,planned_fallback,"Serene, compassionate, ancient, and direct without theatrical divinity.","Native English (United States), regionally neutral pronunciation.","Measured, lucid phrases with calm emphasis.","Avoid trailer narration, breathy mysticism, and baked-in celestial effects.",Naaru model family identification from the build 12340 client.,Clear and balanced; resonance remains natural.,Measured and unhurried.,Use a generally higher pitch center and lighter resonance while preserving weight and natural variation.,"Reverb and harmonic effects belong downstream, not in the source voice. Do not make the voice childlike, breathy by default, or less authoritative.",draft,
sporeling-male,-117,sporeling,Sporeling,0,male,Male,0,planned_fallback,"Gentle, practical, communal, and quietly resilient.","Native English (United States), regionally neutral pronunciation.","Soft, compact phrases with natural curiosity.",Avoid childlike novelty voices and whispering.,Sporeling model family identification from the build 12340 client.,Light and organic.,Moderate and conversational.,Use a generally lower pitch center and fuller lower resonance while preserving natural variation.,Small physical scale does not require a childish voice. Do not force an unnaturally deep voice or treat depth as authority.,draft,
sporeling-female,-117,sporeling,Sporeling,1,female,Female,0,planned_fallback,"Gentle, practical, communal, and quietly resilient.","Native English (United States), regionally neutral pronunciation.","Soft, compact phrases with natural curiosity.",Avoid childlike novelty voices and whispering.,Sporeling model family identification from the build 12340 client.,Light and organic.,Moderate and conversational.,Use a generally higher pitch center and lighter resonance while preserving weight and natural variation.,"Small physical scale does not require a childish voice. Do not make the voice childlike, breathy by default, or less authoritative.",draft,
murloc-male,-116,murloc,Murloc,0,male,Male,0,planned_fallback,"Alert, social, and expressive while remaining understandable as spoken language.","Native English (United States), regionally neutral pronunciation.",Quick phrases with lively stress changes.,Avoid replacing dialogue with the familiar Murloc vocalization.,Murloc model family identification from the build 12340 client.,"Wet-edged color may be suggested lightly, never effected into the source.",Quick but intelligible.,Use a generally lower pitch center and fuller lower resonance while preserving natural variation.,Keep the reusable voice clean and capable of sustained dialogue. Do not force an unnaturally deep voice or treat depth as authority.,draft,
murloc-female,-116,murloc,Murloc,1,female,Female,0,planned_fallback,"Alert, social, and expressive while remaining understandable as spoken language.","Native English (United States), regionally neutral pronunciation.",Quick phrases with lively stress changes.,Avoid replacing dialogue with the familiar Murloc vocalization.,Murloc model family identification from the build 12340 client.,"Wet-edged color may be suggested lightly, never effected into the source.",Quick but intelligible.,Use a generally higher pitch center and lighter resonance while preserving weight and natural variation.,"Keep the reusable voice clean and capable of sustained dialogue. Do not make the voice childlike, breathy by default, or less authoritative.",draft,
arakkoa-male,-115,arakkoa,Arakkoa,0,male,Male,0,planned_fallback,"Watchful, learned, guarded, and shaped by a complex spiritual culture.","Native English (United States), regionally neutral pronunciation.",Precise diction with clipped pauses and restrained intensity.,Avoid bird noises or vague exotic accents.,Arakkoa model family identification from the build 12340 client.,"Dry, focused, and clear.",Measured and attentive.,Use a generally lower pitch center and fuller lower resonance while preserving natural variation.,Species texture must not compromise intelligibility. Do not force an unnaturally deep voice or treat depth as authority.,draft,
arakkoa-female,-115,arakkoa,Arakkoa,1,female,Female,0,planned_fallback,"Watchful, learned, guarded, and shaped by a complex spiritual culture.","Native English (United States), regionally neutral pronunciation.",Precise diction with clipped pauses and restrained intensity.,Avoid bird noises or vague exotic accents.,Arakkoa model family identification from the build 12340 client.,"Dry, focused, and clear.",Measured and attentive.,Use a generally higher pitch center and lighter resonance while preserving weight and natural variation.,"Species texture must not compromise intelligibility. Do not make the voice childlike, breathy by default, or less authoritative.",draft,
keeper-male,-114,keeper,Keeper,0,male,Male,0,planned_fallback,"Ancient, patient, protective, and grounded in long stewardship.","Native English (United States), regionally neutral pronunciation.","Broad, measured phrases with calm authority.",Avoid default British wizardry and trailer narration.,Keeper of the Grove model family identification from the build 12340 client.,"Warm, resonant, and natural.",Measured without dragging.,Use a generally lower pitch center and fuller lower resonance while preserving natural variation.,Do not make every line ceremonial. Do not force an unnaturally deep voice or treat depth as authority.,draft,
keeper-female,-114,keeper,Keeper,1,female,Female,0,planned_fallback,"Ancient, patient, protective, and grounded in long stewardship.","Native English (United States), regionally neutral pronunciation.","Broad, measured phrases with calm authority.",Avoid default British wizardry and trailer narration.,Keeper of the Grove model family identification from the build 12340 client.,"Warm, resonant, and natural.",Measured without dragging.,Use a generally higher pitch center and lighter resonance while preserving weight and natural variation.,"Do not make every line ceremonial. Do not make the voice childlike, breathy by default, or less authoritative.",draft,
dryad-male,-113,dryad,Dryad,0,male,Male,0,planned_fallback,"Warm, observant, nature-attuned, and self-possessed.","Native English (United States), regionally neutral pronunciation.",Light lyrical phrasing without breathy fantasy affectation.,Avoid British fairy voices and constant whispering.,Dryad and Frost Nymph model family identification from the build 12340 client.,"Clear, warm, and lightly resonant.",Measured and conversational.,Use a generally lower pitch center and fuller lower resonance while preserving natural variation.,Nature affinity should not erase ordinary characterization. Do not force an unnaturally deep voice or treat depth as authority.,draft,
dryad-female,-113,dryad,Dryad,1,female,Female,0,planned_fallback,"Warm, observant, nature-attuned, and self-possessed.","Native English (United States), regionally neutral pronunciation.",Light lyrical phrasing without breathy fantasy affectation.,Avoid British fairy voices and constant whispering.,Dryad and Frost Nymph model family identification from the build 12340 client.,"Clear, warm, and lightly resonant.",Measured and conversational.,Use a generally higher pitch center and lighter resonance while preserving weight and natural variation.,"Nature affinity should not erase ordinary characterization. Do not make the voice childlike, breathy by default, or less authoritative.",draft,
gorloc-male,-112,gorloc,Gorloc,0,male,Male,0,planned_fallback,"Earnest, communal, curious, and emotionally open.","Native English (North America), regionally neutral pronunciation.","Light, flowing phrases with clear enthusiasm where appropriate.","Avoid childlike speech, broken grammar, or mascot caricature.",Oracle and Gorloc model family identification from the build 12340 client.,Light and rounded without becoming squeaky.,Conversational and responsive.,Use a generally lower pitch center and fuller lower resonance while preserving natural variation.,Preserve adult intelligence and full emotional range. Do not force an unnaturally deep voice or treat depth as authority.,draft,
gorloc-female,-112,gorloc,Gorloc,1,female,Female,0,planned_fallback,"Earnest, communal, curious, and emotionally open.","Native English (North America), regionally neutral pronunciation.","Light, flowing phrases with clear enthusiasm where appropriate.","Avoid childlike speech, broken grammar, or mascot caricature.",Oracle and Gorloc model family identification from the build 12340 client.,Light and rounded without becoming squeaky.,Conversational and responsive.,Use a generally higher pitch center and lighter resonance while preserving weight and natural variation.,"Preserve adult intelligence and full emotional range. Do not make the voice childlike, breathy by default, or less authoritative.",draft,
wolvar-male,-111,wolvar,Wolvar,0,male,Male,0,planned_fallback,"Alert, practical, energetic, and socially direct.","Native English (North America), regionally neutral pronunciation.","Quick, compact phrases with decisive stresses.",Avoid animal noises or invented ethnic mimicry.,Creature model family identification from the build 12340 client.,"Compact, textured, and lively.",Quick but clear.,Use a generally lower pitch center and fuller lower resonance while preserving natural variation.,Do not reduce every Wolvar to aggression or comic relief. Do not force an unnaturally deep voice or treat depth as authority.,draft,
wolvar-female,-111,wolvar,Wolvar,1,female,Female,0,planned_fallback,"Alert, practical, energetic, and socially direct.","Native English (North America), regionally neutral pronunciation.","Quick, compact phrases with decisive stresses.",Avoid animal noises or invented ethnic mimicry.,Creature model family identification from the build 12340 client.,"Compact, textured, and lively.",Quick but clear.,Use a generally higher pitch center and lighter resonance while preserving weight and natural variation.,"Do not reduce every Wolvar to aggression or comic relief. Do not make the voice childlike, breathy by default, or less authoritative.",draft,
ogre-male,-110,ogre,Ogre,0,male,Male,0,planned_fallback,"Physically imposing, direct, and highly variable in intelligence and social role.","Native English (United States), regionally neutral pronunciation.","Broad, forceful stresses with clear word endings.","Avoid automatic stupidity, broken grammar, or a British fantasy brute accent.",Creature model family identification from the build 12340 client.,Large and textured while remaining intelligible.,Moderate and decisive.,Use a generally lower pitch center and fuller lower resonance while preserving natural variation.,Let the text and NPC role determine intelligence and restraint. Do not force an unnaturally deep voice or treat depth as authority.,draft,
ogre-female,-110,ogre,Ogre,1,female,Female,0,planned_fallback,"Physically imposing, direct, and highly variable in intelligence and social role.","Native English (United States), regionally neutral pronunciation.","Broad, forceful stresses with clear word endings.","Avoid automatic stupidity, broken grammar, or a British fantasy brute accent.",Creature model family identification from the build 12340 client.,Large and textured while remaining intelligible.,Moderate and decisive.,Use a generally higher pitch center and lighter resonance while preserving weight and natural variation.,"Let the text and NPC role determine intelligence and restraint. Do not make the voice childlike, breathy by default, or less authoritative.",draft,
earthen-male,-109,earthen,Earthen,0,male,Male,0,planned_fallback,"Ancient, practical, duty-bound, and shaped by stone and long memory.","Native English with a light, broadly Scottish influence inherited from the Dwarf baseline.","Sturdy phrasing with slower, more deliberate resolutions than ordinary Dwarves.",Avoid exaggerated movie-Highlander pronunciation or a robotic stone voice.,Earthen model family and its established relationship to Dwarven characterization.,"Dense, weathered, and natural.",Measured and grounded.,Use a generally lower pitch center and fuller lower resonance while preserving natural variation.,Do not bake stone effects into the reusable voice. Do not force an unnaturally deep voice or treat depth as authority.,draft,
earthen-female,-109,earthen,Earthen,1,female,Female,0,planned_fallback,"Ancient, practical, duty-bound, and shaped by stone and long memory.","Native English with a light, broadly Scottish influence inherited from the Dwarf baseline.","Sturdy phrasing with slower, more deliberate resolutions than ordinary Dwarves.",Avoid exaggerated movie-Highlander pronunciation or a robotic stone voice.,Earthen model family and its established relationship to Dwarven characterization.,"Dense, weathered, and natural.",Measured and grounded.,Use a generally higher pitch center and lighter resonance while preserving weight and natural variation.,"Do not bake stone effects into the reusable voice. Do not make the voice childlike, breathy by default, or less authoritative.",draft,
furbolg-male,-108,furbolg,Furbolg,0,male,Male,0,planned_fallback,"Grounded, communal, wary, and capable of both gentleness and territorial force.","Native English (United States), regionally neutral pronunciation.","Broad, natural phrasing with firm key words.",Avoid animal caricature or invented ethnic coding.,Creature model family identification from the build 12340 client.,"Warm, textured, and clear.",Moderate and grounded.,Use a generally lower pitch center and fuller lower resonance while preserving natural variation.,Keep intelligence and emotional range fully human-readable. Do not force an unnaturally deep voice or treat depth as authority.,draft,
furbolg-female,-108,furbolg,Furbolg,1,female,Female,0,planned_fallback,"Grounded, communal, wary, and capable of both gentleness and territorial force.","Native English (United States), regionally neutral pronunciation.","Broad, natural phrasing with firm key words.",Avoid animal caricature or invented ethnic coding.,Creature model family identification from the build 12340 client.,"Warm, textured, and clear.",Moderate and grounded.,Use a generally higher pitch center and lighter resonance while preserving weight and natural variation.,"Keep intelligence and emotional range fully human-readable. Do not make the voice childlike, breathy by default, or less authoritative.",draft,
ethereal-male,-107,ethereal,Ethereal,0,male,Male,0,planned_fallback,"Cosmopolitan, calculating, composed, and commercially confident.","Native English (United States), regionally neutral pronunciation.","Smooth, articulate phrases with measured deal-making emphasis.",Avoid vague foreignness and generic mystical whispering.,Creature model family identification from the build 12340 client.,"Controlled, sleek, and lightly resonant.",Measured and verbally agile.,Use a generally lower pitch center and fuller lower resonance while preserving natural variation.,Do not use effects as a substitute for a distinct performance. Do not force an unnaturally deep voice or treat depth as authority.,draft,
ethereal-female,-107,ethereal,Ethereal,1,female,Female,0,planned_fallback,"Cosmopolitan, calculating, composed, and commercially confident.","Native English (United States), regionally neutral pronunciation.","Smooth, articulate phrases with measured deal-making emphasis.",Avoid vague foreignness and generic mystical whispering.,Creature model family identification from the build 12340 client.,"Controlled, sleek, and lightly resonant.",Measured and verbally agile.,Use a generally higher pitch center and lighter resonance while preserving weight and natural variation.,"Do not use effects as a substitute for a distinct performance. Do not make the voice childlike, breathy by default, or less authoritative.",draft,
humanoid-male,-106,humanoid,Humanoid,0,male,Male,0,planned_fallback,A temporary neutral baseline for humanoid creature models whose specific ancestry is not encoded.,"Native English (United States), neutral General American.",Natural conversational delivery shaped by the NPC's role and context.,Avoid inventing a regional or cultural accent without evidence.,"Explicit review fallback from creature_template.type, not a claim of biological race.",Natural and adaptable.,Conversational and steady.,Use a generally lower pitch center and fuller lower resonance while preserving natural variation.,Replace this fallback with a more specific race or unique voice when evidence is available. Do not force an unnaturally deep voice or treat depth as authority.,draft,
humanoid-female,-106,humanoid,Humanoid,1,female,Female,0,planned_fallback,A temporary neutral baseline for humanoid creature models whose specific ancestry is not encoded.,"Native English (United States), neutral General American.",Natural conversational delivery shaped by the NPC's role and context.,Avoid inventing a regional or cultural accent without evidence.,"Explicit review fallback from creature_template.type, not a claim of biological race.",Natural and adaptable.,Conversational and steady.,Use a generally higher pitch center and lighter resonance while preserving weight and natural variation.,"Replace this fallback with a more specific race or unique voice when evidence is available. Do not make the voice childlike, breathy by default, or less authoritative.",draft,
mechanical-male,-105,mechanical,Mechanical,0,male,Male,0,planned_fallback,"Precise, functional, and characterful without depending on a synthetic effect.","Native English (United States), regionally neutral pronunciation.",Exact diction and compact phrase timing.,Avoid monotone text-to-speech parody and metallic post-processing in the source.,Conservative shared baseline for mechanical creature models.,"Clean, focused, and slightly dry.",Efficient and steady.,Use a generally lower pitch center and fuller lower resonance while preserving natural variation.,Mechanical texture belongs in an optional downstream treatment. Do not force an unnaturally deep voice or treat depth as authority.,draft,
mechanical-female,-105,mechanical,Mechanical,1,female,Female,0,planned_fallback,"Precise, functional, and characterful without depending on a synthetic effect.","Native English (United States), regionally neutral pronunciation.",Exact diction and compact phrase timing.,Avoid monotone text-to-speech parody and metallic post-processing in the source.,Conservative shared baseline for mechanical creature models.,"Clean, focused, and slightly dry.",Efficient and steady.,Use a generally higher pitch center and lighter resonance while preserving weight and natural variation.,"Mechanical texture belongs in an optional downstream treatment. Do not make the voice childlike, breathy by default, or less authoritative.",draft,
giant-male,-104,giant,Giant,0,male,Male,0,planned_fallback,"Large in physical presence but fully capable of ordinary conversation, humor, and subtlety.","Native English (United States), regionally neutral pronunciation.",Broad phrases and unhurried conclusions.,Avoid slow-witted caricature and exaggerated depth.,Conservative shared baseline for giant creature types.,Full and grounded without artificial pitch shifting.,Unhurried but responsive.,Use a generally lower pitch center and fuller lower resonance while preserving natural variation.,Size does not imply low intelligence or a permanently booming delivery. Do not force an unnaturally deep voice or treat depth as authority.,draft,
giant-female,-104,giant,Giant,1,female,Female,0,planned_fallback,"Large in physical presence but fully capable of ordinary conversation, humor, and subtlety.","Native English (United States), regionally neutral pronunciation.",Broad phrases and unhurried conclusions.,Avoid slow-witted caricature and exaggerated depth.,Conservative shared baseline for giant creature types.,Full and grounded without artificial pitch shifting.,Unhurried but responsive.,Use a generally higher pitch center and lighter resonance while preserving weight and natural variation.,"Size does not imply low intelligence or a permanently booming delivery. Do not make the voice childlike, breathy by default, or less authoritative.",draft,
elemental-male,-103,elemental,Elemental,0,male,Male,0,planned_fallback,A personified natural force with simple authority and clear intent.,"Native English (United States), regionally neutral pronunciation.","Broad, steady phrasing with restrained emphasis.","Avoid whispering, roaring, or effects-heavy delivery by default.","Conservative shared baseline for elemental, totem, and gas-cloud creature types.",Stable and resonant.,Moderate and even.,Use a generally lower pitch center and fuller lower resonance while preserving natural variation.,Environmental effects must remain optional downstream treatments. Do not force an unnaturally deep voice or treat depth as authority.,draft,
elemental-female,-103,elemental,Elemental,1,female,Female,0,planned_fallback,A personified natural force with simple authority and clear intent.,"Native English (United States), regionally neutral pronunciation.","Broad, steady phrasing with restrained emphasis.","Avoid whispering, roaring, or effects-heavy delivery by default.","Conservative shared baseline for elemental, totem, and gas-cloud creature types.",Stable and resonant.,Moderate and even.,Use a generally higher pitch center and lighter resonance while preserving weight and natural variation.,"Environmental effects must remain optional downstream treatments. Do not make the voice childlike, breathy by default, or less authoritative.",draft,
demon-male,-102,demon,Demon,0,male,Male,0,planned_fallback,"Controlled menace, confidence, and otherworldly intensity without losing the speaker's intelligence.","Native English (United States), regionally neutral pronunciation.","Firm stresses and patient, intentional phrasing.",Avoid generic British villainy and forced monster growls.,Conservative shared baseline across varied demon creature families.,"Dark and focused, not distorted.",Controlled and deliberate.,Use a generally lower pitch center and fuller lower resonance while preserving natural variation.,Preserve a clean source voice; supernatural effects belong downstream. Do not force an unnaturally deep voice or treat depth as authority.,draft,
demon-female,-102,demon,Demon,1,female,Female,0,planned_fallback,"Controlled menace, confidence, and otherworldly intensity without losing the speaker's intelligence.","Native English (United States), regionally neutral pronunciation.","Firm stresses and patient, intentional phrasing.",Avoid generic British villainy and forced monster growls.,Conservative shared baseline across varied demon creature families.,"Dark and focused, not distorted.",Controlled and deliberate.,Use a generally higher pitch center and lighter resonance while preserving weight and natural variation.,"Preserve a clean source voice; supernatural effects belong downstream. Do not make the voice childlike, breathy by default, or less authoritative.",draft,
dragonkin-male,-101,dragonkin,Dragonkin,0,male,Male,0,planned_fallback,"Ancient, intelligent, deliberate, and capable of significant authority without constant grandeur.","Native English (United States), regionally neutral pronunciation.",Measured thought groups with controlled weight on important words.,Avoid default British fantasy royalty or trailer narration.,Conservative shared baseline for dragon and drake models; named aspects should receive unique voices.,Resonant and mature while remaining natural.,"Measured, never ponderous.",Use a generally lower pitch center and fuller lower resonance while preserving natural variation.,"Do not bake growls, reverb, or size effects into the reusable voice. Do not force an unnaturally deep voice or treat depth as authority.",draft,
dragonkin-female,-101,dragonkin,Dragonkin,1,female,Female,0,planned_fallback,"Ancient, intelligent, deliberate, and capable of significant authority without constant grandeur.","Native English (United States), regionally neutral pronunciation.",Measured thought groups with controlled weight on important words.,Avoid default British fantasy royalty or trailer narration.,Conservative shared baseline for dragon and drake models; named aspects should receive unique voices.,Resonant and mature while remaining natural.,"Measured, never ponderous.",Use a generally higher pitch center and lighter resonance while preserving weight and natural variation.,"Do not bake growls, reverb, or size effects into the reusable voice. Do not make the voice childlike, breathy by default, or less authoritative.",draft,
beast-male,-100,beast,Beast,0,male,Male,0,planned_fallback,A sentient animal or animal-shaped quest character whose speech remains clear and character-led.,"Native English (United States), regionally neutral pronunciation pending species-specific review.",Direct phrasing with physical presence appropriate to the character.,Avoid novelty animal noises as a substitute for acting.,Conservative voice archetype for creature models classified as beasts or critters.,"Organic and grounded, with species color added sparingly.",Natural and readable.,Use a generally lower pitch center and fuller lower resonance while preserving natural variation.,Keep every word intelligible and leave creature effects for downstream processing. Do not force an unnaturally deep voice or treat depth as authority.,draft,
beast-female,-100,beast,Beast,1,female,Female,0,planned_fallback,A sentient animal or animal-shaped quest character whose speech remains clear and character-led.,"Native English (United States), regionally neutral pronunciation pending species-specific review.",Direct phrasing with physical presence appropriate to the character.,Avoid novelty animal noises as a substitute for acting.,Conservative voice archetype for creature models classified as beasts or critters.,"Organic and grounded, with species color added sparingly.",Natural and readable.,Use a generally higher pitch center and lighter resonance while preserving weight and natural variation.,"Keep every word intelligible and leave creature effects for downstream processing. Do not make the voice childlike, breathy by default, or less authoritative.",draft,
narrator-male,-1,narrator,Narrator,0,male,Male,0,required_system_profile,"Clear, measured, and unobtrusive; supports the text without becoming a character.","Native English (United States), neutral General American; fully rhotic and regionally unobtrusive.","Careful Warcraft-name pronunciation with even, broadcast-clear phrasing.","Avoid British RP, Mid-Atlantic theatricality, and trailer-announcer vowel coloring.",Conservative system fallback; not a character race.,"Natural and balanced, with minimal theatrical color.",Measured and consistent.,Use a generally lower pitch center and fuller lower resonance while preserving natural variation.,Do not imitate a trailer announcer or add supernatural effects. Do not force an unnaturally deep voice or treat depth as authority.,draft,
narrator-female,-1,narrator,Narrator,1,female,Female,0,required_system_profile,"Clear, measured, and unobtrusive; supports the text without becoming a character.","Native English (United States), neutral General American; fully rhotic and regionally unobtrusive.","Careful Warcraft-name pronunciation with even, broadcast-clear phrasing.","Avoid British RP, Mid-Atlantic theatricality, and trailer-announcer vowel coloring.",Conservative system fallback; not a character race.,"Natural and balanced, with minimal theatrical color.",Measured and consistent.,Use a generally higher pitch center and lighter resonance while preserving weight and natural variation.,"Do not imitate a trailer announcer or add supernatural effects. Do not make the voice childlike, breathy by default, or less authoritative.",draft,
human-male,1,human,Human,0,male,Male,2265,observed_in_pinned_export,"Grounded common speech that can support villagers, soldiers, nobles, and scholars.","Native English (United States), modern General American; fully rhotic.",Clear common speech; social class and regional color belong in an NPC-specific fork.,"Do not default to British RP, Mid-Atlantic, Southern, or New York speech.",Recorded Vanilla-era player and NPC vocal sets.,"Natural, approachable, and adaptable.",Conversational and steady.,Use a generally lower pitch center and fuller lower resonance while preserving natural variation.,Avoid making every human aristocratic or uniformly heroic. Do not force an unnaturally deep voice or treat depth as authority.,draft,
human-female,1,human,Human,1,female,Female,1246,observed_in_pinned_export,"Grounded common speech that can support villagers, soldiers, nobles, and scholars.","Native English (United States), modern General American; fully rhotic.",Clear common speech; social class and regional color belong in an NPC-specific fork.,"Do not default to British RP, Mid-Atlantic, Southern, or New York speech.",Recorded Vanilla-era player and NPC vocal sets.,"Natural, approachable, and adaptable.",Conversational and steady.,Use a generally higher pitch center and lighter resonance while preserving weight and natural variation.,"Avoid making every human aristocratic or uniformly heroic. Do not make the voice childlike, breathy by default, or less authoritative.",draft,
orc-male,2,orc,Orc,0,male,Male,1299,observed_in_pinned_export,"Direct, physical, and forceful, with a strong chest-centered presence.","Native English (United States), modern General American; fully rhotic.","Compact phrases and firm stresses; roughness comes from texture, not broken grammar.","Avoid British, Russian, generic fantasy, and forced broken-English dialect shifts.",Recorded Vanilla-era player and NPC vocal sets.,Low and textured while remaining intelligible.,Deliberate with decisive endings.,Use a generally lower pitch center and fuller lower resonance while preserving natural variation.,Do not turn every line into a shout or a caricature of low intelligence. Do not force an unnaturally deep voice or treat depth as authority.,draft,
orc-female,2,orc,Orc,1,female,Female,625,observed_in_pinned_export,"Direct, physical, and forceful, with a strong chest-centered presence.","Native English (United States), modern General American; fully rhotic.","Compact phrases and firm stresses; roughness comes from texture, not broken grammar.","Avoid British, Russian, generic fantasy, and forced broken-English dialect shifts.",Recorded Vanilla-era player and NPC vocal sets.,Low and textured while remaining intelligible.,Deliberate with decisive endings.,Use a generally higher pitch center and lighter resonance while preserving weight and natural variation.,"Do not turn every line into a shout or a caricature of low intelligence. Do not make the voice childlike, breathy by default, or less authoritative.",draft,
dwarf-male,3,dwarf,Dwarf,0,male,Male,1130,observed_in_pinned_export,"Warm, sturdy, sociable, and capable of both humor and solemn clan pride.","Native English with a light, broadly Scottish accent that remains clear to North American listeners.",Clear consonants and a sturdy rolling rhythm.,"Avoid Irish, Cockney, and exaggerated movie-Highlander pronunciation.",Recorded Vanilla-era player and NPC vocal sets.,"Compact, warm, and slightly weathered.",Lively but grounded.,Use a generally lower pitch center and fuller lower resonance while preserving natural variation.,Use a light influence rather than an exaggerated real-world impersonation. Do not force an unnaturally deep voice or treat depth as authority.,draft,
dwarf-female,3,dwarf,Dwarf,1,female,Female,351,observed_in_pinned_export,"Warm, sturdy, sociable, and capable of both humor and solemn clan pride.","Native English with a light, broadly Scottish accent that remains clear to North American listeners.",Clear consonants and a sturdy rolling rhythm.,"Avoid Irish, Cockney, and exaggerated movie-Highlander pronunciation.",Recorded Vanilla-era player and NPC vocal sets.,"Compact, warm, and slightly weathered.",Lively but grounded.,Use a generally higher pitch center and lighter resonance while preserving weight and natural variation.,"Use a light influence rather than an exaggerated real-world impersonation. Do not make the voice childlike, breathy by default, or less authoritative.",draft,
nightelf-male,4,nightelf,Night Elf,0,male,Male,428,observed_in_pinned_export,"Ancient, self-possessed, observant, and quietly resonant.","Native English (United States), a predominantly American vowel base with light classic Mid-Atlantic stage polish.",Lyrical delivery with elongated thought groups and restrained emphasis.,"Do not drift into modern British RP, Irish, or a breathy fantasy-elf caricature.",Recorded Vanilla-era player and NPC vocal sets; Mid-Atlantic color is intentionally light.,"Smooth, resonant, and composed.",Measured with intentional pauses.,Use a generally lower pitch center and fuller lower resonance while preserving natural variation.,Avoid breathy mysticism that obscures ordinary dialogue. Do not force an unnaturally deep voice or treat depth as authority.,draft,
nightelf-female,4,nightelf,Night Elf,1,female,Female,546,observed_in_pinned_export,"Ancient, self-possessed, observant, and quietly resonant.","Native English (United States), a predominantly American vowel base with light classic Mid-Atlantic stage polish.",Lyrical delivery with elongated thought groups and restrained emphasis.,"Do not drift into modern British RP, Irish, or a breathy fantasy-elf caricature.",Recorded Vanilla-era player and NPC vocal sets; Mid-Atlantic color is intentionally light.,"Smooth, resonant, and composed.",Measured with intentional pauses.,Use a generally higher pitch center and lighter resonance while preserving weight and natural variation.,"Avoid breathy mysticism that obscures ordinary dialogue. Do not make the voice childlike, breathy by default, or less authoritative.",draft,
scourge-male,5,scourge,Undead / Scourge,0,male,Male,596,observed_in_pinned_export,"Worn, dry, and restrained, retaining the person beneath undeath.","Native English (United States), neutral General American with optional light old-stage crispness; mostly rhotic.",Mostly natural speech with slightly clipped breath groups.,"Avoid default British, German, or Transylvanian horror accents.",Recorded Vanilla-era player and NPC vocal sets.,"Dry or lightly rasped, never dependent on post-processing.",Controlled and a little spare.,Use a generally lower pitch center and fuller lower resonance while preserving natural variation.,Keep words intelligible; do not make every speaker monstrous or villainous. Do not force an unnaturally deep voice or treat depth as authority.,draft,
scourge-female,5,scourge,Undead / Scourge,1,female,Female,352,observed_in_pinned_export,"Worn, dry, and restrained, retaining the person beneath undeath.","Native English (United States), neutral General American with optional light old-stage crispness; mostly rhotic.",Mostly natural speech with slightly clipped breath groups.,"Avoid default British, German, or Transylvanian horror accents.",Recorded Vanilla-era player and NPC vocal sets.,"Dry or lightly rasped, never dependent on post-processing.",Controlled and a little spare.,Use a generally higher pitch center and lighter resonance while preserving weight and natural variation.,"Keep words intelligible; do not make every speaker monstrous or villainous. Do not make the voice childlike, breathy by default, or less authoritative.",draft,
tauren-male,6,tauren,Tauren,0,male,Male,511,observed_in_pinned_export,"Patient, grounded, communal, and capable of ceremonial weight.","Native English (United States), neutral General American pronunciation.","Broad, unhurried phrasing with gentle downward resolutions.",Do not imitate an Indigenous or First Nations accent; cultural weight belongs in cadence and characterization.,"Recorded Vanilla-era vocal sets, with a respectful neutral-accent guardrail.","Deep, warm, and open.",Slow to moderate without dragging.,Use a generally lower pitch center and fuller lower resonance while preserving natural variation.,Do not confuse calm delivery with dullness or flatten emotional range. Do not force an unnaturally deep voice or treat depth as authority.,draft,
tauren-female,6,tauren,Tauren,1,female,Female,314,observed_in_pinned_export,"Patient, grounded, communal, and capable of ceremonial weight.","Native English (United States), neutral General American pronunciation.","Broad, unhurried phrasing with gentle downward resolutions.",Do not imitate an Indigenous or First Nations accent; cultural weight belongs in cadence and characterization.,"Recorded Vanilla-era vocal sets, with a respectful neutral-accent guardrail.","Deep, warm, and open.",Slow to moderate without dragging.,Use a generally higher pitch center and lighter resonance while preserving weight and natural variation.,"Do not confuse calm delivery with dullness or flatten emotional range. Do not make the voice childlike, breathy by default, or less authoritative.",draft,
gnome-male,7,gnome,Gnome,0,male,Male,450,observed_in_pinned_export,"Bright, articulate, curious, and mentally quick.","Native English (United States), modern General American; fully rhotic.",Precise diction with energetic phrase changes.,"Avoid British-professor, German-inventor, and child-cartoon dialect drift.",Recorded Vanilla-era player and NPC vocal sets.,Light and focused rather than childlike.,Quick but fully intelligible.,Use a generally lower pitch center and fuller lower resonance while preserving natural variation.,Avoid squeaky novelty voices and constant manic energy. Do not force an unnaturally deep voice or treat depth as authority.,draft,
gnome-female,7,gnome,Gnome,1,female,Female,246,observed_in_pinned_export,"Bright, articulate, curious, and mentally quick.","Native English (United States), modern General American; fully rhotic.",Precise diction with energetic phrase changes.,"Avoid British-professor, German-inventor, and child-cartoon dialect drift.",Recorded Vanilla-era player and NPC vocal sets.,Light and focused rather than childlike.,Quick but fully intelligible.,Use a generally higher pitch center and lighter resonance while preserving weight and natural variation.,"Avoid squeaky novelty voices and constant manic energy. Do not make the voice childlike, breathy by default, or less authoritative.",draft,
troll-male,8,troll,Troll,0,male,Male,587,observed_in_pinned_export,"Relaxed, rhythmic, wry, and dangerous when the text calls for it.",Native English with a light Jamaican or Anglophone-Caribbean influence.,Musical stress and relaxed rhythmic timing with clear key words.,"Avoid parody, forced patois, exaggerated slang, or treating all Caribbean accents as interchangeable.",Recorded Vanilla-era player and NPC vocal sets.,"Flexible, textured, and conversational.",Easy rhythmic flow with clear key words.,Use a generally lower pitch center and fuller lower resonance while preserving natural variation.,Keep the influence respectful and light; avoid parody or forced slang. Do not force an unnaturally deep voice or treat depth as authority.,draft,
troll-female,8,troll,Troll,1,female,Female,346,observed_in_pinned_export,"Relaxed, rhythmic, wry, and dangerous when the text calls for it.",Native English with a light Jamaican or Anglophone-Caribbean influence.,Musical stress and relaxed rhythmic timing with clear key words.,"Avoid parody, forced patois, exaggerated slang, or treating all Caribbean accents as interchangeable.",Recorded Vanilla-era player and NPC vocal sets.,"Flexible, textured, and conversational.",Easy rhythmic flow with clear key words.,Use a generally higher pitch center and lighter resonance while preserving weight and natural variation.,"Keep the influence respectful and light; avoid parody or forced slang. Do not make the voice childlike, breathy by default, or less authoritative.",draft,
goblin-male,9,goblin,Goblin,0,male,Male,502,observed_in_pinned_export,"Streetwise, opportunistic, inventive, and verbally agile.","Native English (United States), a light New York City metropolitan accent.",Fast mercantile patter with sharp pivots and emphatic deal-making words.,"Avoid Cockney, British, and broad gangster caricatures.",Recorded goblin NPC and Cataclysm-era player vocal sets.,Nasal-bright and compact without becoming shrill.,"Fast, with intentional rests around the punchline or price.",Use a generally lower pitch center and fuller lower resonance while preserving natural variation.,"Do not make every goblin identical, frantic, or impossible to understand. Do not force an unnaturally deep voice or treat depth as authority.",draft,
goblin-female,9,goblin,Goblin,1,female,Female,146,observed_in_pinned_export,"Streetwise, opportunistic, inventive, and verbally agile.","Native English (United States), a light New York City metropolitan accent.",Fast mercantile patter with sharp pivots and emphatic deal-making words.,"Avoid Cockney, British, and broad gangster caricatures.",Recorded goblin NPC and Cataclysm-era player vocal sets.,Nasal-bright and compact without becoming shrill.,"Fast, with intentional rests around the punchline or price.",Use a generally higher pitch center and lighter resonance while preserving weight and natural variation.,"Do not make every goblin identical, frantic, or impossible to understand. Do not make the voice childlike, breathy by default, or less authoritative.",draft,
bloodelf-male,10,bloodelf,Blood Elf,0,male,Male,900,observed_in_pinned_export,"Refined, controlled, precise, and lightly self-assured.","Native English (United States), modern General American; fully rhotic, affluent, highly educated, and old-money in register.","Firm, articulate delivery with clean consonants, elegant phrase shaping, and the controlled confidence of someone accustomed to privilege.","No British influence: avoid Received Pronunciation, English regional accents, Mid-Atlantic or Transatlantic vowels, Scottish, and Irish drift.","TBC-era player and NPC vocal sets, including the standard female vocal set supplied to the reference library.",Smooth and focused with restrained brightness.,"Deliberate, never hurried.",Use a generally lower pitch center and fuller lower resonance while preserving natural variation.,Avoid making refinement synonymous with whispering or constant contempt. Do not force an unnaturally deep voice or treat depth as authority.,draft,
bloodelf-female,10,bloodelf,Blood Elf,1,female,Female,779,observed_in_pinned_export,"Refined, controlled, precise, and lightly self-assured.","Native English (United States), modern General American; fully rhotic, affluent, highly educated, and old-money in register.","Firm, articulate delivery with clean consonants, elegant phrase shaping, and the controlled confidence of someone accustomed to privilege.","No British influence: avoid Received Pronunciation, English regional accents, Mid-Atlantic or Transatlantic vowels, Scottish, and Irish drift.","TBC-era player and NPC vocal sets, including the standard female vocal set supplied to the reference library.",Smooth and focused with restrained brightness.,"Deliberate, never hurried.",Use a generally higher pitch center and lighter resonance while preserving weight and natural variation.,"Avoid making refinement synonymous with whispering or constant contempt. Do not make the voice childlike, breathy by default, or less authoritative.",draft,
draenei-male,11,draenei,Draenei,0,male,Male,453,observed_in_pinned_export,"Deliberate, warm, formal, and shaped by long memory.",Native English with a light Slavic or Eastern European accent.,Measured phrasing with careful stresses and restrained formality.,"Avoid heavy Russian caricature, vague foreignness, and British fantasy drift.",Recorded TBC-era player and NPC vocal sets.,Rounded and resonant.,"Measured, with careful emphasis.",Use a generally lower pitch center and fuller lower resonance while preserving natural variation.,Prefer consistency and clarity over a heavy real-world accent. Do not force an unnaturally deep voice or treat depth as authority.,draft,
draenei-female,11,draenei,Draenei,1,female,Female,317,observed_in_pinned_export,"Deliberate, warm, formal, and shaped by long memory.",Native English with a light Slavic or Eastern European accent.,Measured phrasing with careful stresses and restrained formality.,"Avoid heavy Russian caricature, vague foreignness, and British fantasy drift.",Recorded TBC-era player and NPC vocal sets.,Rounded and resonant.,"Measured, with careful emphasis.",Use a generally higher pitch center and lighter resonance while preserving weight and natural variation.,"Prefer consistency and clarity over a heavy real-world accent. Do not make the voice childlike, breathy by default, or less authoritative.",draft,
felorc-male,12,felorc,Fel Orc,0,male,Male,130,observed_in_pinned_export,"An Orc baseline made volatile, harsher, and more openly aggressive.","Native English (United States), modern General American; inherit the fully rhotic Orc baseline.",Orc cadence with more abrupt stress and shorter breath groups.,"Avoid British, Russian, generic fantasy, and forced broken-English dialect shifts.","Inherited from the Orc baseline; Fel Orc is a performance treatment, not a separate regional dialect.",Rough and pressed while retaining words.,Tense and forward-driving.,Use a generally lower pitch center and fuller lower resonance while preserving natural variation.,Do not use distortion as a substitute for performance. Do not force an unnaturally deep voice or treat depth as authority.,draft,
felorc-female,12,felorc,Fel Orc,1,female,Female,0,planned_fallback,"An Orc baseline made volatile, harsher, and more openly aggressive.","Native English (United States), modern General American; inherit the fully rhotic Orc baseline.",Orc cadence with more abrupt stress and shorter breath groups.,"Avoid British, Russian, generic fantasy, and forced broken-English dialect shifts.","Inherited from the Orc baseline; Fel Orc is a performance treatment, not a separate regional dialect.",Rough and pressed while retaining words.,Tense and forward-driving.,Use a generally higher pitch center and lighter resonance while preserving weight and natural variation.,"Do not use distortion as a substitute for performance. Do not make the voice childlike, breathy by default, or less authoritative.",draft,
naga-male,13,naga,Naga,0,male,Male,54,observed_in_pinned_export,"Fluid, imperious, calculating, and ancient.","Native English (United States), neutral General American pronunciation.",Smooth linked phrases with lightly emphasized sibilants.,"Do not default to British aristocratic, Egyptian, or vaguely exotic dialects; unique lore characters may fork separately.",Conservative neutral fallback across varied Naga NPC performances.,"Cool and sleek, with controlled edge.",Measured and deliberate.,Use a generally lower pitch center and fuller lower resonance while preserving natural variation.,Do not lengthen every s sound or sacrifice intelligibility for a hiss. Do not force an unnaturally deep voice or treat depth as authority.,draft,
naga-female,13,naga,Naga,1,female,Female,29,observed_in_pinned_export,"Fluid, imperious, calculating, and ancient.","Native English (United States), neutral General American pronunciation.",Smooth linked phrases with lightly emphasized sibilants.,"Do not default to British aristocratic, Egyptian, or vaguely exotic dialects; unique lore characters may fork separately.",Conservative neutral fallback across varied Naga NPC performances.,"Cool and sleek, with controlled edge.",Measured and deliberate.,Use a generally higher pitch center and lighter resonance while preserving weight and natural variation.,"Do not lengthen every s sound or sacrifice intelligibility for a hiss. Do not make the voice childlike, breathy by default, or less authoritative.",draft,
broken-male,14,broken,Broken,0,male,Male,173,observed_in_pinned_export,"A Draenei-rooted voice made weathered, practical, and more earthbound.",Native English with a light Slavic or Eastern European accent inherited from the Draenei baseline.,Draenei cadence with less formality and shorter phrases.,"Avoid heavy Russian caricature, vague foreignness, and British fantasy drift.",Inherited from the Draenei baseline; Broken is a weathered delivery treatment.,"Gravelly, worn, and humane.",Steady and direct.,Use a generally lower pitch center and fuller lower resonance while preserving natural variation.,Do not equate physical corruption with low intelligence. Do not force an unnaturally deep voice or treat depth as authority.,draft,
broken-female,14,broken,Broken,1,female,Female,0,planned_fallback,"A Draenei-rooted voice made weathered, practical, and more earthbound.",Native English with a light Slavic or Eastern European accent inherited from the Draenei baseline.,Draenei cadence with less formality and shorter phrases.,"Avoid heavy Russian caricature, vague foreignness, and British fantasy drift.",Inherited from the Draenei baseline; Broken is a weathered delivery treatment.,"Gravelly, worn, and humane.",Steady and direct.,Use a generally higher pitch center and lighter resonance while preserving weight and natural variation.,"Do not equate physical corruption with low intelligence. Do not make the voice childlike, breathy by default, or less authoritative.",draft,
skeleton-male,15,skeleton,Skeleton,0,male,Male,25,observed_in_pinned_export,"Dry, spare, and hollow-toned while still reading as a person speaking.","Native English (United States), neutral General American pronunciation.",Natural diction with economical breath and crisp word endings.,"Avoid default British, German, and Transylvanian horror accents; a known former identity should use an NPC-specific fork.",Conservative neutral fallback because the display race does not define a former mortal dialect.,Papery and dry without baked-in effects.,Moderate and restrained.,Use a generally lower pitch center and fuller lower resonance while preserving natural variation.,Keep the clean source reusable; environmental effects belong downstream. Do not force an unnaturally deep voice or treat depth as authority.,draft,
skeleton-female,15,skeleton,Skeleton,1,female,Female,0,planned_fallback,"Dry, spare, and hollow-toned while still reading as a person speaking.","Native English (United States), neutral General American pronunciation.",Natural diction with economical breath and crisp word endings.,"Avoid default British, German, and Transylvanian horror accents; a known former identity should use an NPC-specific fork.",Conservative neutral fallback because the display race does not define a former mortal dialect.,Papery and dry without baked-in effects.,Moderate and restrained.,Use a generally higher pitch center and lighter resonance while preserving weight and natural variation.,"Keep the clean source reusable; environmental effects belong downstream. Do not make the voice childlike, breathy by default, or less authoritative.",draft,
vrykul-male,16,vrykul,Vrykul,0,male,Male,227,observed_in_pinned_export,"Large, formal, proud, and saga-minded.",Native English with a light Scandinavian or Nordic influence.,Broad stresses and saga-like declarative phrasing.,"Avoid Scottish, Irish, and exaggerated movie-Viking pronunciation.",Representative Wrath-era Vrykul performances and their explicit Nordic coding.,"Resonant, weighty, and clear.",Deliberate and declarative.,Use a generally lower pitch center and fuller lower resonance while preserving natural variation.,Avoid constant bellowing and exaggerated movie-Viking parody. Do not force an unnaturally deep voice or treat depth as authority.,draft,
vrykul-female,16,vrykul,Vrykul,1,female,Female,0,planned_fallback,"Large, formal, proud, and saga-minded.",Native English with a light Scandinavian or Nordic influence.,Broad stresses and saga-like declarative phrasing.,"Avoid Scottish, Irish, and exaggerated movie-Viking pronunciation.",Representative Wrath-era Vrykul performances and their explicit Nordic coding.,"Resonant, weighty, and clear.",Deliberate and declarative.,Use a generally higher pitch center and lighter resonance while preserving weight and natural variation.,"Avoid constant bellowing and exaggerated movie-Viking parody. Do not make the voice childlike, breathy by default, or less authoritative.",draft,
tuskarr-male,17,tuskarr,Tuskarr,0,male,Male,102,observed_in_pinned_export,"Warm, communal, patient, and quietly humorous.","Native English (North America), regionally neutral pronunciation.",Rounded phrases with an easy storytelling flow.,"Do not imitate Inuit, Indigenous, or Canadian stereotypes; culture belongs in characterization, not ethnic mimicry.",Conservative neutral fallback across Wrath-era Tuskarr performances.,"Soft-edged, full, and friendly.",Unhurried and conversational.,Use a generally lower pitch center and fuller lower resonance while preserving natural variation.,Do not turn warmth into a comic mascot voice. Do not force an unnaturally deep voice or treat depth as authority.,draft,
tuskarr-female,17,tuskarr,Tuskarr,1,female,Female,0,planned_fallback,"Warm, communal, patient, and quietly humorous.","Native English (North America), regionally neutral pronunciation.",Rounded phrases with an easy storytelling flow.,"Do not imitate Inuit, Indigenous, or Canadian stereotypes; culture belongs in characterization, not ethnic mimicry.",Conservative neutral fallback across Wrath-era Tuskarr performances.,"Soft-edged, full, and friendly.",Unhurried and conversational.,Use a generally higher pitch center and lighter resonance while preserving weight and natural variation.,"Do not turn warmth into a comic mascot voice. Do not make the voice childlike, breathy by default, or less authoritative.",draft,
foresttroll-male,18,foresttroll,Forest Troll,0,male,Male,121,observed_in_pinned_export,"A Troll baseline made lower, rugged, territorial, and physically imposing.",Native English with a light Jamaican or Anglophone-Caribbean influence inherited from the Troll baseline.,Troll rhythmic foundation with firmer stresses and less languor.,"Avoid parody, forced patois, exaggerated slang, or replacing the Troll foundation with an African accent.",Inherited from the Troll baseline; Forest Troll is a firmer delivery treatment.,"Low, rough, and dense.",Moderate and forceful.,Use a generally lower pitch center and fuller lower resonance while preserving natural variation.,Preserve rhythmic identity without making every line threatening. Do not force an unnaturally deep voice or treat depth as authority.,draft,
foresttroll-female,18,foresttroll,Forest Troll,1,female,Female,0,planned_fallback,"A Troll baseline made lower, rugged, territorial, and physically imposing.",Native English with a light Jamaican or Anglophone-Caribbean influence inherited from the Troll baseline.,Troll rhythmic foundation with firmer stresses and less languor.,"Avoid parody, forced patois, exaggerated slang, or replacing the Troll foundation with an African accent.",Inherited from the Troll baseline; Forest Troll is a firmer delivery treatment.,"Low, rough, and dense.",Moderate and forceful.,Use a generally higher pitch center and lighter resonance while preserving weight and natural variation.,"Preserve rhythmic identity without making every line threatening. Do not make the voice childlike, breathy by default, or less authoritative.",draft,
taunka-male,19,taunka,Taunka,0,male,Male,99,observed_in_pinned_export,"A Tauren baseline made more weathered, pragmatic, and direct.","Native English (United States), neutral General American pronunciation inherited from the Tauren baseline.",Broad Tauren phrasing with stronger word attacks.,Do not imitate an Indigenous or First Nations accent; distinction belongs in cadence and characterization.,Inherited from the Tauren baseline; Taunka is a weathered delivery treatment.,"Deep, wind-worn, and firm.",Measured but more compact than Tauren.,Use a generally lower pitch center and fuller lower resonance while preserving natural variation.,"Keep cultural distinction in delivery, not in reduced emotional range. Do not force an unnaturally deep voice or treat depth as authority.",draft,
taunka-female,19,taunka,Taunka,1,female,Female,0,planned_fallback,"A Tauren baseline made more weathered, pragmatic, and direct.","Native English (United States), neutral General American pronunciation inherited from the Tauren baseline.",Broad Tauren phrasing with stronger word attacks.,Do not imitate an Indigenous or First Nations accent; distinction belongs in cadence and characterization.,Inherited from the Tauren baseline; Taunka is a weathered delivery treatment.,"Deep, wind-worn, and firm.",Measured but more compact than Tauren.,Use a generally higher pitch center and lighter resonance while preserving weight and natural variation.,"Keep cultural distinction in delivery, not in reduced emotional range. Do not make the voice childlike, breathy by default, or less authoritative.",draft,
northrendskeleton-male,20,northrendskeleton,Northrend Skeleton,0,male,Male,37,observed_in_pinned_export,"A Skeleton baseline made colder, more severe, and more austere.","Native English (United States), neutral General American pronunciation inherited from the Skeleton baseline.","Crisp, spare phrasing with colder word endings.","Avoid default British, German, and Transylvanian horror accents.",Inherited from the Skeleton fallback; Northrend is a colder delivery treatment.,"Dry, hollow, and restrained.",Measured and exact.,Use a generally lower pitch center and fuller lower resonance while preserving natural variation.,"Do not bake echo, reverb, or distortion into the reusable voice. Do not force an unnaturally deep voice or treat depth as authority.",draft,
northrendskeleton-female,20,northrendskeleton,Northrend Skeleton,1,female,Female,0,planned_fallback,"A Skeleton baseline made colder, more severe, and more austere.","Native English (United States), neutral General American pronunciation inherited from the Skeleton baseline.","Crisp, spare phrasing with colder word endings.","Avoid default British, German, and Transylvanian horror accents.",Inherited from the Skeleton fallback; Northrend is a colder delivery treatment.,"Dry, hollow, and restrained.",Measured and exact.,Use a generally higher pitch center and lighter resonance while preserving weight and natural variation.,"Do not bake echo, reverb, or distortion into the reusable voice. Do not make the voice childlike, breathy by default, or less authoritative.",draft,
icetroll-male,21,icetroll,Ice Troll,0,male,Male,89,observed_in_pinned_export,"A Troll baseline made harsher, colder, and more clipped.",Native English with a light Jamaican or Anglophone-Caribbean influence inherited from the Troll baseline.,Troll rhythmic foundation with shorter vowels and sharper attacks.,"Avoid parody, forced patois, exaggerated slang, or replacing the Troll foundation with a Scandinavian accent.",Inherited from the Troll baseline; Ice Troll is a colder delivery treatment.,"Rough, lean, and cutting.",Moderate with tense pauses.,Use a generally lower pitch center and fuller lower resonance while preserving natural variation.,Retain the Troll foundation; coldness should not erase personality. Do not force an unnaturally deep voice or treat depth as authority.,draft,
icetroll-female,21,icetroll,Ice Troll,1,female,Female,0,planned_fallback,"A Troll baseline made harsher, colder, and more clipped.",Native English with a light Jamaican or Anglophone-Caribbean influence inherited from the Troll baseline.,Troll rhythmic foundation with shorter vowels and sharper attacks.,"Avoid parody, forced patois, exaggerated slang, or replacing the Troll foundation with a Scandinavian accent.",Inherited from the Troll baseline; Ice Troll is a colder delivery treatment.,"Rough, lean, and cutting.",Moderate with tense pauses.,Use a generally higher pitch center and lighter resonance while preserving weight and natural variation.,"Retain the Troll foundation; coldness should not erase personality. Do not make the voice childlike, breathy by default, or less authoritative.",draft,
worgen-male,22,worgen,Worgen,0,male,Male,0,planned_fallback,A Human-rooted voice with controlled feral pressure and restrained growl.,"Native English (United Kingdom), light modern Received Pronunciation or class-neutral southern British.",Grounded delivery with firmer consonants and guarded breath.,"Avoid General American, Scottish, Irish, and exaggerated Cockney unless an NPC-specific fork calls for one.",Recorded Cataclysm-era Gilnean and Worgen vocal sets.,"Human and intelligible with a dark, rough edge.","Controlled, with tension allowed between phrases.",Use a generally lower pitch center and fuller lower resonance while preserving natural variation.,Do not let growling obscure the text or dominate calm interactions. Do not force an unnaturally deep voice or treat depth as authority.,draft,
worgen-female,22,worgen,Worgen,1,female,Female,0,planned_fallback,A Human-rooted voice with controlled feral pressure and restrained growl.,"Native English (United Kingdom), light modern Received Pronunciation or class-neutral southern British.",Grounded delivery with firmer consonants and guarded breath.,"Avoid General American, Scottish, Irish, and exaggerated Cockney unless an NPC-specific fork calls for one.",Recorded Cataclysm-era Gilnean and Worgen vocal sets.,"Human and intelligible with a dark, rough edge.","Controlled, with tension allowed between phrases.",Use a generally higher pitch center and lighter resonance while preserving weight and natural variation.,"Do not let growling obscure the text or dominate calm interactions. Do not make the voice childlike, breathy by default, or less authoritative.",draft,
